{
	"zoom": "squadrats",
	"area": {
		"n": 54.83583333333333, 
		"e": 24.145555555555553, 
		"s": 49.00277777777778, 
		"w": 14.123055555555556
	}
}
